{"train": {"f1_score": 0.9317963496637848}, "test": {"f1_score": 0.8654970760233918}}