{"train": {"f1_score": 0.9358851674641148}, "test": {"f1_score": 0.8688046647230321}}