{"train": {"f1_score": 0.920570264765784}, "test": {"f1_score": 0.9329608938547487}}